01:00:00;02:00:00;03:00:00;04:00:00;05:00:00;06:00:00;07:00:00;08:00:00;09:00:00;10:00:00;11:00:00;12:00:00;13:00:00;14:00:00;15:00:00;16:00:00;17:00:00;18:00:00;19:00:00;20:00:00;21:00:00;22:00:00;23:00:00;24:00:00
6297;6005;5743;5397;5213;5190;4916;5158;5405;5731;6075;6385;6276;6249;6247;6231;6603;6979;7022;6930;6560;6170;6501;6168
5900;5643;5524;5372;5481;5941;6459;7352;7840;8107;8250;8434;8312;8259;8190;8168;8469;8735;8617;8218;7773;7247;7413;6926
6483;6192;5991;5773;5849;6252;6685;7480;7872;8154;8292;8435;8222;8150;8112;8055;8342;8670;8534;8203;7745;7214;7397;6981
6522;6217;6027;5802;5866;6289;6730;7554;7947;8180;8309;8241;8253;8233;8145;8081;8331;8470;8460;8185;7759;7242;7441;6981
6575;6237;6065;5841;5887;6283;6704;7491;7964;8202;8337;8434;8240;8153;8046;8042;8268;8361;8453;8114;7606;7139;7333;6888
6449;6138;5936;5647;5568;5560;5381;5793;6146;6554;6884;7067;6827;6690;6544;6484;6791;7151;7163;7061;6739;6380;6775;6420
6070;5793;5610;5377;5359;5544;5568;6145;6578;6899;7037;7160;6995;6910;6829;6870;7124;7398;7326;7130;6749;6393;6749;6434
6012;5704;5550;5305;5217;5301;5094;5535;5918;6403;6741;6953;6682;6482;6303;6244;6588;7123;7252;7195;6841;6488;6894;6524
6199;6022;5892;5732;5812;6412;7355;8225;8481;8372;8358;8380;8174;8163;8131;8079;8324;8674;8629;8356;8088;7515;7680;7254
6895;6713;6508;6292;6352;6807;7518;8378;8623;8587;8621;8578;8394;8392;8346;8396;8492;8935;8861;8505;8226;7637;7816;7447
7127;6908;6714;6531;6531;6993;7792;8707;8812;8771;8865;8808;8700;8491;8461;8483;8721;9097;9001;8601;8273;7703;7894;7474
7216;6992;6838;6557;6565;6963;7759;8622;8832;8704;8795;8803;8521;8500;8387;8541;8617;9010;8933;8628;8146;7746;7934;7566
7221;6960;6790;6528;6518;6997;7745;8726;8880;8905;8935;8880;8696;8550;8435;8414;8619;9109;9017;8657;8089;7558;7804;7447
7115;6863;6649;6337;6256;6314;6317;6950;7417;7814;7924;7926;7598;7476;7394;7378;7553;7943;7867;7645;7249;6881;7186;6907
6562;6269;6097;5798;5670;5706;5533;5969;6400;6915;7222;7251;6929;6705;6481;6422;6761;7434;7603;7537;7188;6795;7209;6926
6661;6465;6307;6108;6199;6804;7721;8639;8872;8896;8927;8951;8860;8791;8700;8698;8872;9173;9114;8741;8331;7789;7964;7569
7205;7020;6834;6590;6604;7055;7862;8840;9128;9006;9045;9203;8949;8944;8940;8950;9059;9276;9164;8874;8337;7753;7925;7481
7104;6877;6638;6431;6448;6930;7710;8730;8902;9039;8951;8975;8869;8877;8753;8715;8814;9045;8937;8562;8212;7657;7757;7303
6939;6671;6495;6309;6356;6852;7651;8579;8691;8726;8745;8788;8648;8579;8501;8505;8615;8925;8910;8648;8117;7551;7708;7289
6984;6780;6610;6372;6409;6887;7625;8554;8772;8767;8804;8840;8524;8307;8147;8079;8218;8813;8785;8391;7812;7313;7540;7155
6804;6512;6288;6028;5960;6096;6154;6772;7218;7600;7695;7770;7428;7352;7176;7099;7303;7773;7741;7536;7131;6684;6966;6601
6195;5877;5720;5498;5413;5449;5289;5740;6195;6766;7107;7292;6995;6786;6626;6553;6722;7327;7492;7435;7181;6778;7202;6907
6619;6413;6274;6083;6167;6753;7699;8573;8811;8843;8874;8893;8680;8668;8602;8551;8655;9231;9232;8867;8466;7883;8049;7642
7331;7163;6972;6693;6714;7169;7929;8729;8899;8926;8928;8929;8735;8683;8629;8572;8626;9184;9167;8865;8403;7955;8173;7768
7501;7308;7136;6856;6823;7246;8043;8885;8998;9057;9062;9040;8883;8849;8833;8786;8972;9363;9285;8912;8514;7926;8083;7693
7404;7194;7022;6804;6824;7269;7973;8889;9108;9105;9126;9134;9034;8990;8920;8817;8828;9260;9216;8878;8360;7949;8140;7762
7453;7222;7059;6768;6782;7264;7987;8708;8839;8896;8909;8933;8648;8504;8403;8306;8414;8906;8915;8520;8059;7667;7894;7561
7229;6959;6775;6444;6325;6458;6459;7097;7521;7907;7867;8078;7749;7670;7454;7388;7513;8012;7891;7818;7409;6960;7355;7047
6679;6403;6211;5917;5773;5826;5623;6064;6513;7048;7391;7436;7117;6873;6644;6549;6678;7424;7648;7577;7220;6827;7216;6981
6682;6488;6332;6132;6192;6805;7734;8644;8935;8988;9038;9091;8831;8784;8754;8763;8922;9163;9110;8745;8123;7719;7852;7481
7126;6910;6781;6567;6596;7090;7878;8670;8919;8897;8926;8890;8610;8575;8442;8399;8511;9020;9051;8685;8169;7729;7909;7479
7097;6915;6752;6527;6559;7043;7767;8596;8839;8833;8834;8834;8629;8541;8404;8351;8375;8849;8917;8605;8077;7677;7836;7435
7119;6897;6763;6547;6526;7006;7808;8643;8850;8851;8926;8900;8606;8570;8473;8430;8434;8910;8998;8692;8169;7703;7890;7507
7169;6918;6784;6576;6592;7061;7799;8605;8802;8788;8828;8759;8435;8370;8260;8190;8267;8673;8723;8376;7872;7510;7750;7402
7032;6801;6571;6272;6167;6313;6335;6904;7432;7838;7838;7870;7701;7558;7416;7352;7430;7839;7745;7683;7255;6813;7197;6841
6506;6253;6103;5852;5738;5796;5557;5979;6428;6951;7223;7320;6949;6702;6488;6430;6520;7194;7569;7515;7154;6784;7203;6902
6595;6428;6289;6113;6196;6808;7602;8425;8659;8703;8749;8788;8562;8559;8469;8381;8444;8833;8967;8571;8112;7689;7837;7429
7131;6927;6754;6514;6556;7033;7750;8624;8964;9107;9115;9064;8829;8728;8792;8737;8778;9121;9021;8618;8187;7640;7739;7352
7008;6704;6550;6318;6369;6841;7589;8424;8662;8893;8941;8965;8669;8623;8589;8564;8548;8922;9021;8633;8105;7561;7704;7289
6897;6628;6465;6282;6341;6814;7565;8386;8674;8791;8916;8884;8582;8502;8477;8470;8473;8676;8810;8498;8152;7549;7724;7331
6953;6705;6554;6343;6389;6873;7563;8239;8471;8515;8586;8570;8281;8113;8007;7955;8033;8414;8567;8202;7637;7312;7548;7164
6809;6558;6352;6062;6046;6173;6215;6750;7200;7582;7507;7591;7355;7365;7195;7150;7177;7569;7586;7410;7174;6679;7017;6667
6328;6078;5930;5695;5568;5635;5463;5871;6353;6836;7207;7325;6859;6688;6475;6352;6406;7016;7448;7380;7040;6624;7036;6718
6429;6257;6121;5923;6060;6634;7457;8160;8479;8586;8696;8745;8538;8475;8379;8290;8315;8616;8808;8472;7919;7516;7664;7294
6990;6759;6580;6400;6413;6881;7555;8164;8502;8476;8546;8643;8342;8308;8220;8163;8162;8550;8718;8405;7928;7443;7680;7281
6935;6655;6502;6334;6404;6884;7542;8334;8640;8574;8644;8799;8574;8531;8474;8499;8479;8867;8914;8514;8017;7522;7632;7175
6827;6578;6392;6175;6259;6748;7483;8366;8623;8662;8718;8767;8611;8555;8368;8424;8440;8729;8835;8434;7938;7448;7579;7159
6792;6520;6328;6139;6243;6756;7503;8201;8575;8514;8586;8618;8368;8279;8104;7948;7897;8233;8460;8229;7666;7199;7402;7002
6584;6281;6092;5864;5797;5970;6017;6541;6996;7407;7554;7651;7351;7200;7006;6896;6890;7299;7571;7341;6920;6472;6719;6360
5972;5633;5466;5268;5230;5317;5163;5555;6012;6494;6814;6887;6518;6239;5998;5908;5940;6523;7071;7050;6663;6282;6636;6299
5992;5736;5624;5494;5637;6287;7207;7928;8294;8385;8474;8618;8216;8237;8202;8116;8194;8513;8454;8133;7764;7265;7342;6862
6401;6160;5992;5810;5942;6461;7300;8056;8298;8282;8418;8462;8035;8036;7943;8016;8051;8393;8676;8317;7789;7313;7418;6935
6474;6191;6058;5900;6023;6527;7320;8171;8288;8436;8515;8556;8252;8245;8217;8166;8314;8495;8548;8205;7836;7311;7435;7008
6556;6304;6118;5980;6065;6571;7344;8049;8360;8417;8527;8603;8327;8273;8226;8112;8128;8448;8626;8280;7917;7316;7503;7126
6666;6408;6246;6068;6150;6631;7273;8020;8340;8442;8558;8596;8464;8296;8181;8086;8034;8396;8600;8243;7723;7219;7380;6972
6637;6295;6099;5871;5801;5992;6056;6577;7038;7483;7648;7757;7460;7331;7169;7084;7086;7371;7597;7345;7025;6590;6868;6496
6111;5818;5654;5451;5366;5458;5302;5659;6167;6588;6910;7116;6755;6581;6378;6287;6286;6745;7297;7241;6945;6584;6922;6594
6273;6071;5930;5820;5890;6533;7431;8161;8550;8614;8684;8521;8429;8417;8463;8324;8198;8459;8735;8474;8119;7579;7695;7275
6956;6762;6609;6380;6386;6894;7644;8362;8490;8596;8549;8546;8474;8315;8153;8002;7986;8296;8507;8233;7767;7456;7678;7248
6928;6666;6495;6301;6362;6859;7565;8264;8432;8469;8673;8589;8417;8354;8363;8403;8337;8563;8731;8594;8125;7561;7676;7223
6838;6615;6478;6282;6323;6814;7573;8228;8617;8615;8631;8609;8388;8337;8268;8188;8102;8357;8713;8468;7954;7502;7548;7246
6919;6665;6536;6342;6382;6865;7549;8128;8347;8388;8435;8478;8159;8016;7974;7949;7987;8144;8477;8214;7706;7319;7464;7048
6597;6277;6075;5842;5806;5975;6115;6653;7157;7514;7560;7660;7440;7294;7222;7201;7247;7463;7396;7316;7000;6561;6877;6511
6117;5838;5662;5447;5358;5485;5327;5711;6220;6779;7132;7345;6955;6697;6478;6344;6310;6637;7276;7313;6974;6570;6941;6624
6370;6149;6029;5853;5942;6573;7377;7907;8331;8365;8469;8536;8360;8315;8271;8196;8187;8318;8695;8454;7930;7510;7624;7140
6829;6604;6444;6257;6328;6843;7525;8008;8265;8261;8357;8448;8241;8244;8167;8040;7993;8120;8611;8361;7788;7497;7623;7179
6862;6624;6499;6346;6369;6858;7538;8174;8419;8424;8468;8546;8269;8251;8216;8276;8167;8422;8687;8381;8033;7534;7659;7206
6790;6519;6346;6180;6235;6757;7508;8169;8481;8548;8654;8658;8408;8407;8316;8212;8181;8358;8585;8317;7830;7350;7471;7031
6640;6377;6215;6069;6161;6675;7396;8142;8418;8456;8626;8598;8338;8202;8082;8019;7940;8166;8351;8046;7586;7197;7362;6965
6520;6207;5987;5774;5762;5919;5950;6476;7008;7315;7482;7503;7127;6968;6876;6813;6730;6937;7366;7266;6881;6487;6765;6403
6044;5729;5627;5415;5349;5443;5311;5699;6176;6646;6939;7104;6793;6588;6384;6297;6314;6621;7200;7242;6937;6564;6956;6679
6443;6213;6077;5891;6006;6622;7397;7987;8308;8303;8399;8477;8205;8177;8104;8077;8232;8360;8620;8449;7918;7524;7623;7164
6867;6613;6477;6313;6366;6911;7385;8066;8362;8443;8571;8626;8405;8392;8241;8177;8097;8302;8599;8426;7832;7429;7429;7180
6815;6552;6416;6265;6321;6794;7441;8100;8417;8462;8532;8595;8346;8320;8275;8181;8284;8432;8520;8365;7806;7470;7550;7118
6689;6464;6328;6172;6218;6729;7380;8051;8420;8487;8526;8574;8364;8210;8173;8173;8097;8353;8521;8352;7697;7175;7441;7003
6641;6393;6240;6084;6147;6638;7300;7962;8290;8376;8443;8472;8156;8043;7891;7900;7816;7959;8233;8093;7572;7199;7382;6981
6574;6252;6049;5813;5747;5919;5933;6467;7000;7354;7423;7437;7198;7003;6871;6757;6691;6863;7259;7080;6838;6446;6680;6347
5995;5715;5577;5357;5256;5348;5107;5516;5949;6343;6571;6683;6319;6074;5813;5669;5663;5938;6715;6970;6699;6313;6588;6263
5965;5782;5694;5566;5690;6327;7004;7671;8012;8028;8086;8108;7894;7804;7703;7574;7496;7571;8028;8066;7522;6981;7095;6653
6307;6078;5950;5794;5914;6469;7102;7756;7996;7987;8049;8138;7880;7822;7730;7627;7587;7750;8138;8026;7493;6913;7105;6666
6275;5990;5811;5660;5807;6345;7071;7724;8000;7989;8058;8106;7883;7932;7872;7774;7833;8015;8217;8045;7499;7040;7109;6639
6190;5892;5724;5595;5761;6309;7068;7837;8021;8056;8157;8201;7992;8005;7956;7913;7784;7851;8266;8134;7737;7110;7180;6668
6314;6077;5971;5787;5877;6384;6993;7733;7967;8003;8093;8129;7879;7718;7552;7442;7331;7477;7910;7902;7394;6862;6971;6524
6102;5786;5574;5335;5311;5563;5619;6192;6691;7039;7164;7250;6939;6668;6477;6360;6252;6443;6863;6835;6489;6071;6208;5872
5444;5160;5161;5022;4862;4909;4807;5035;5474;5896;6251;6523;6298;6061;5811;5631;5567;5620;5883;6306;6401;6012;6177;5864
5454;5182;5084;4926;5049;5698;6721;7430;7777;7803;7827;7882;7588;7526;7366;7215;7067;7124;7129;7369;7368;6808;6721;6260
5802;5503;5386;5200;5278;5826;6762;7441;7767;7864;7954;8126;7844;7778;7736;7660;7603;7607;7608;7639;7269;6768;6784;6378
5790;5502;5388;5255;5380;5959;6899;7680;7967;7993;8040;8117;7821;7844;7617;7561;7426;7310;7289;7452;7211;6743;6724;6246
5848;5599;5460;5307;5378;5926;6856;7387;7630;7652;7736;7816;7535;7515;7472;7353;7280;7286;7353;7430;7171;6688;6651;6213
5822;5512;5373;5207;5291;5841;6730;7405;7714;7682;7777;7809;7531;7354;7243;7145;7032;7017;6958;7105;7013;6559;6582;6145
5758;5377;5140;4961;4903;5117;5349;5816;6208;6496;6640;6744;6435;6291;6090;5975;5887;5883;5912;6187;6173;5726;5896;5517
5098;4778;4656;4461;4401;4516;4520;4864;5271;5690;6040;6216;5835;5593;5340;5225;5161;5267;5499;5864;6016;5694;5813;5467
5172;4906;4815;4722;4895;5579;6579;7343;7686;7729;7822;7936;7709;7679;7595;7515;7492;7484;7511;7572;7298;6737;6672;6262
5763;5478;5321;5202;5318;5880;6745;7387;7686;7711;7756;7865;7590;7518;7431;7425;7226;7169;7142;7232;7124;6747;6721;6250
5857;5541;5427;5297;5349;5908;6785;7494;7750;7763;7839;7994;7684;7646;7598;7602;7523;7526;7595;7543;7223;6712;6731;6417
5918;5637;5531;5377;5481;6037;6923;7586;7903;7938;8018;8124;7954;7930;7901;7790;7635;7539;7448;7444;7414;6915;6943;6494
6094;5802;5700;5559;5647;6133;6806;7437;7693;7712;7761;7791;7545;7447;7255;7069;6910;6880;6859;6964;6946;6493;6602;6260
5910;5567;5409;5200;5163;5399;5549;6056;6430;6739;6780;6859;6544;6291;6084;5931;5805;5780;5830;6029;6192;5832;5922;5561
5202;4851;4737;4567;4520;4636;4620;5031;5421;5653;5913;6171;5830;5624;5360;5205;5082;5175;5428;5748;5981;5670;5909;5603
5242;4987;4901;4755;4893;5480;6284;7055;7459;7509;7630;7768;7514;7519;7385;7356;7213;7239;7260;7295;7067;6635;6626;6225
5827;5526;5414;5310;5406;5900;6645;7380;7877;8042;8233;8364;8009;7928;7832;7825;7849;7770;7706;7649;7189;6800;6856;6463
5975;5646;5535;5396;5476;5958;6572;7278;7658;7810;7980;8103;7791;7734;7732;7666;7512;7491;7495;7525;7302;6824;6865;6398
6023;5718;5549;5436;5502;6021;6694;7409;7905;7983;8103;8229;7884;7835;7772;7675;7484;7487;7465;7516;7247;6776;6823;6357
5967;5617;5482;5326;5407;5834;6420;7232;7741;7789;7907;7986;7623;7422;7303;7181;7040;7035;7024;7052;6940;6448;6507;6138
5675;5293;5086;4881;4889;5093;5181;5643;6165;6394;6442;6468;6185;5925;5802;5699;5612;5636;5788;5914;5942;5558;5758;5453
5031;4671;4540;4328;4279;4400;4394;4782;5222;5531;5778;5973;5595;5344;5149;5032;4932;5024;5176;5350;5570;5234;5402;5146
4833;4512;4385;4234;4236;4375;4365;4757;5156;5477;5688;5843;5525;5280;5046;4919;4844;4987;5185;5390;5724;5447;5644;5290
5010;4740;4685;4607;4752;5415;6233;6983;7446;7490;7594;7726;7479;7446;7314;7221;7162;7121;7136;7136;7082;6625;6527;6076
5605;5318;5160;5016;5146;5700;6465;7058;7368;7336;7419;7546;7322;7299;7213;7132;7041;6940;6941;6911;6960;6567;6538;6040
5576;5291;5152;5004;5134;5731;6523;7158;7359;7308;7417;7535;7322;7355;7158;7116;6987;6899;6855;6814;6831;6414;6356;5933
5536;5245;5081;4956;5069;5595;6302;6948;7235;7213;7295;7395;7109;6914;6779;6618;6550;6517;6469;6445;6547;6192;6168;5866
5457;5111;4868;4651;4627;4843;5073;5565;5979;6106;6165;6271;5969;5759;5672;5614;5482;5406;5373;5435;5713;5456;5412;5083
4763;4472;4352;4155;4103;4162;4199;4545;4925;5200;5429;5621;5296;5101;4942;4904;4862;4996;5121;5238;5559;5300;5393;5089
4818;4568;4453;4323;4449;5147;6113;6814;7174;7181;7267;7448;7172;7084;7005;6871;6692;6581;6512;6464;6580;6233;6162;5689
5268;4942;4814;4647;4731;5283;6179;6914;7169;7107;7194;7316;7074;7099;7039;6913;6761;6689;6613;6484;6599;6271;6075;5643
5216;4897;4743;4562;4673;5201;6066;6764;7097;7139;7284;7432;7236;7163;7029;6922;6824;6806;6773;6753;6740;6273;6078;5637
5225;4942;4786;4624;4711;5254;6110;6878;7193;7253;7382;7556;7221;7179;7139;7044;6927;6927;6995;6883;6705;6271;6109;5639
5277;4959;4760;4617;4768;5330;6206;6879;7198;7273;7423;7534;7273;7068;6904;6824;6804;6760;6780;6691;6516;6104;6068;5554
5168;4840;4669;4481;4386;4603;4932;5434;5857;6125;6330;6508;6188;5949;5794;5748;5710;5732;5744;5756;5788;5450;5465;5103
4769;4505;4401;4220;4148;4169;4187;4533;4905;5319;5583;5804;5505;5256;5083;4935;4909;5052;5253;5350;5417;5182;5284;5015
4890;4559;4433;4261;4231;4323;4362;4733;5121;5448;5717;5917;5566;5290;5027;4882;4847;4962;5139;5366;5679;5483;5578;5238
4941;4701;4612;4508;4596;5223;6229;6981;7304;7298;7364;7536;7305;7272;7122;7040;6981;6899;6798;6702;6830;6511;6333;5836
5419;5206;5091;4936;5033;5429;6313;7039;7310;7317;7403;7524;7310;7246;7155;7009;6876;6813;6759;6634;6753;6448;6312;5873
5505;5197;5086;4952;4999;5494;6403;6987;7275;7252;7314;7503;7273;7248;7187;7040;7013;6986;6858;6769;6874;6569;6409;5903
5533;5253;5124;4944;4975;5467;6321;6943;7217;7268;7310;7460;7214;7029;6932;6845;6687;6694;6628;6544;6523;6325;6277;5965
5526;5093;4918;4721;4676;4851;5137;5620;5967;6232;6310;6353;6159;5923;5711;5668;5587;5604;5555;5589;5705;5483;5514;5193
4877;4561;4455;4251;4180;4199;4283;4644;4978;5270;5556;5709;5453;5265;5076;5017;4992;5096;5188;5326;5565;5445;5497;5181
4935;4686;4599;4465;4554;5134;6032;6857;7243;7297;7400;7524;7318;7256;7108;6976;6845;6757;6619;6517;6585;6309;6132;5682
5409;5137;4999;4807;4880;5318;6301;6995;7287;7331;7472;7633;7385;7356;7259;7211;7164;7123;6943;6822;6819;6525;6267;5786
5462;5209;5081;4907;4951;5384;6333;7008;7341;7429;7558;7701;7399;7343;7224;7096;7060;7013;6857;6719;6740;6504;6271;5780
5478;5156;5030;4875;4956;5420;6373;6996;7275;7313;7446;7565;7336;7310;7174;7013;6899;6804;6730;6601;6719;6507;6283;5798
5483;5143;5085;4904;4954;5342;6251;6914;7233;7267;7361;7462;7204;6999;6853;6755;6675;6660;6515;6385;6366;6253;6139;5722
5328;4983;4854;4615;4582;4706;5044;5550;5898;6162;6314;6399;6154;5933;5765;5686;5618;5623;5645;5598;5638;5506;5477;5078
4844;4521;4440;4209;4161;4184;4299;4692;4983;5305;5529;5753;5422;5307;5089;5047;4998;5168;5364;5422;5562;5444;5498;5204
4991;4774;4666;4536;4611;5153;6143;6895;7190;7228;7402;7593;7360;7305;7183;7047;6872;6811;6701;6562;6611;6453;6216;5683
5385;5108;5002;4871;4898;5356;6250;7032;7339;7399;7511;7667;7430;7362;7267;7170;7046;6961;6883;6760;6678;6446;6246;5788
5380;5077;4948;4798;4815;5339;6242;7007;7374;7455;7527;7688;7432;7377;7257;7100;6900;6793;6662;6542;6507;6327;6186;5693
5377;4990;4881;4710;4752;5154;6131;6926;7216;7237;7373;7568;7382;7312;7208;7113;7110;7000;6876;6819;6771;6433;6150;5702
5345;5003;4897;4708;4777;5184;6156;6895;7235;7325;7466;7559;7315;7195;7004;6877;6739;6738;6679;6501;6375;6180;6017;5601
5239;4909;4754;4545;4515;4669;4975;5422;5861;6156;6343;6483;6196;5943;5750;5634;5514;5450;5495;5543;5532;5385;5367;5014
4744;4436;4311;4078;4014;4032;4176;4489;4863;5226;5588;5797;5515;5377;5155;5065;5030;5128;5219;5314;5409;5346;5408;5086
4775;4551;4450;4333;4440;4941;5951;6811;7159;7245;7334;7561;7371;7380;7316;7177;6993;6904;6755;6542;6429;6364;6127;5647
5334;4989;4841;4735;4756;5175;6100;6929;7241;7316;7470;7580;7339;7279;7214;7131;6979;6939;6915;6774;6645;6318;6148;5645
5317;4978;4842;4645;4689;5201;6195;7034;7274;7363;7474;7611;7400;7328;7210;7218;7089;7034;6958;6752;6513;6242;6075;5594
5248;4917;4697;4438;4320;4242;4375;4739;5109;5403;5661;5847;5543;5325;5135;5004;4962;5087;5311;5379;5412;5332;5389;5095
4758;4490;4366;4205;4263;4600;5333;5990;6365;6535;6692;6880;6623;6435;6314;6242;6184;6213;6227;6142;5939;5713;5618;5208
4986;4647;4552;4364;4307;4376;4780;5247;5708;5976;6188;6307;6029;5790;5701;5603;5515;5451;5474;5446;5448;5344;5330;4974
4698;4377;4287;4066;3990;4002;4139;4513;4832;5180;5604;5910;5514;5306;5067;4935;4971;5056;5219;5304;5386;5337;5411;5105
4789;4534;4451;4306;4413;4901;6030;6846;7181;7260;7457;7639;7396;7311;7217;7104;7129;7219;7158;6955;6604;6280;6105;5659
5282;4986;4854;4700;4763;5180;6152;6985;7375;7419;7623;7792;7571;7537;7434;7319;7225;7180;7088;6927;6595;6312;6230;5781
5428;5060;4967;4852;4947;5377;6208;7036;7407;7476;7647;7773;7502;7430;7336;7216;7036;6966;6878;6698;6530;6376;6241;5821
5546;5169;5068;4923;4958;5359;6375;7026;7388;7488;7585;7743;7499;7377;7292;7225;7163;7111;7036;6848;6644;6397;6277;5762
5581;5226;5109;4922;4965;5448;6281;7035;7359;7433;7532;7625;7384;7269;7152;7067;7005;7204;7189;6963;6722;6394;6349;5937
5586;5232;5071;4850;4757;4853;5176;5708;6072;6306;6507;6646;6404;6175;5982;5948;5938;5950;5983;5885;5762;5570;5673;5261
5003;4627;4541;4309;4268;4239;4305;4619;5004;5330;5628;5905;5592;5369;5162;5101;5050;5144;5254;5308;5311;5244;5363;5100
4849;4530;4437;4275;4225;4253;4319;4689;5063;5416;5609;5822;5556;5440;5233;5151;5127;5267;5396;5511;5518;5453;5595;5290
5052;4776;4640;4511;4655;5191;6060;6928;7346;7410;7566;7745;7468;7410;7251;7190;7082;6999;6949;6896;6728;6541;6463;5944
5635;5292;5151;5002;5067;5467;6300;7150;7369;7428;7564;7709;7471;7421;7282;7126;7018;6927;6828;6739;6462;6364;6354;5804
5649;5363;5241;5066;5147;5567;6423;7103;7285;7306;7437;7563;7347;7344;7251;7185;7062;6921;6845;6718;6586;6587;6495;5941
5630;5303;5191;5003;5037;5460;6369;6956;7221;7227;7358;7504;7253;7043;6954;6830;6877;6927;6809;6564;6372;6304;6299;5847
5542;5184;4996;4762;4714;4861;5225;5664;6063;6381;6570;6667;6395;6092;5899;5849;5770;5692;5607;5520;5533;5544;5627;5213
4963;4621;4470;4276;4195;4171;4259;4584;4931;5253;5464;5680;5428;5245;5058;4941;4876;4978;5114;5195;5233;5408;5595;5152
4988;4737;4659;4495;4543;5010;5950;6750;7118;7217;7352;7498;7298;7249;7184;7119;6993;6868;6725;6519;6336;6401;6302;5827
5544;5179;5028;4911;4921;5317;6282;6896;7189;7300;7480;7643;7416;7381;7282;7182;6987;6881;6785;6580;6583;6509;6385;5886
5563;5201;5057;4856;4893;5260;6228;6808;7160;7265;7446;7604;7389;7366;7247;7143;6973;6889;6756;6690;6366;6361;6299;5826
5467;5085;4917;4658;4536;4415;4517;4944;5195;5436;5662;5833;5642;5452;5283;5214;5180;5272;5370;5365;5409;5526;5604;5160
4940;4641;4486;4303;4337;4667;5311;6038;6472;6636;6772;6963;6800;6590;6488;6376;6293;6316;6353;6218;5784;5706;5662;5449
5217;4858;4696;4462;4423;4552;4926;5419;5825;6143;6305;6337;6081;6009;5905;5823;5738;5692;5612;5484;5418;5453;5513;5093
4823;4480;4383;4180;4091;4059;4222;4576;4887;5171;5414;5597;5449;5303;5137;5066;5010;5089;5252;5304;5374;5504;5667;5270
5083;4811;4681;4566;4600;5030;6068;6778;7253;7396;7581;7766;7612;7569;7473;7362;7257;7139;7023;6865;6701;6593;6451;5883
5458;5118;4988;4853;4898;5311;6215;6893;7255;7388;7611;7803;7585;7558;7521;7451;7287;7173;6963;6886;6660;6626;6544;5963
5616;5296;5119;4961;5002;5394;6326;7079;7479;7585;7740;7940;7696;7681;7574;7494;7294;7261;7054;6785;6746;6679;6595;6050
5649;5314;5164;5026;5069;5483;6393;7059;7445;7527;7702;7847;7639;7624;7542;7508;7365;7275;7160;7028;6807;6616;6469;5988
5544;5172;5038;4868;4913;5354;6292;7018;7392;7498;7658;7745;7465;7281;7141;7031;6858;6862;6676;6398;6111;6161;6152;5745
5375;5065;4898;4691;4660;4703;5066;5620;5917;6200;6392;6499;6279;6139;5963;5916;5874;5769;5668;5531;5435;5470;5601;5257
5038;4731;4525;4352;4206;4157;4342;4740;5103;5337;5499;5670;5413;5352;5268;5222;5208;5360;5382;5384;5465;5613;5870;5449
5190;4905;4755;4616;4678;5126;6179;6959;7364;7481;7646;7816;7653;7640;7574;7552;7389;7294;7115;6896;6723;6643;6560;5994
5714;5380;5227;5034;5086;5399;6352;7102;7439;7491;7690;7851;7637;7609;7530;7413;7244;7191;7055;6856;6716;6582;6349;5937
5597;5261;5117;4929;5008;5393;6153;6896;7247;7439;7641;7812;7614;7601;7432;7354;7230;7180;7033;6809;6554;6412;6456;5985
5629;5258;5115;4944;4952;5312;6345;7094;7536;7674;7855;8040;7748;7662;7507;7451;7333;7236;7081;6897;6660;6614;6398;5907
5529;5188;5076;4921;4933;5337;6237;6959;7339;7387;7551;7702;7430;7256;7101;6944;6822;6803;6733;6456;6303;6201;6183;5784
5446;5078;4962;4701;4653;4732;5091;5564;5926;6114;6290;6400;6149;5945;5760;5777;5790;5715;5652;5590;5609;5490;5460;5131
4881;4533;4408;4212;4114;4097;4245;4582;4910;5199;5434;5648;5420;5266;5111;5077;5027;5107;5249;5310;5297;5340;5379;5120
4961;4684;4588;4460;4572;5047;5967;6740;7177;7320;7491;7672;7417;7403;7282;7181;7040;6907;6801;6566;6336;6274;6175;5776
5453;5078;5033;4872;4939;5332;6217;6876;7204;7360;7488;7692;7442;7376;7253;7174;7044;6985;6746;6547;6339;6275;6280;5966
5613;5177;5043;4901;4965;5328;6201;6834;7174;7327;7533;7711;7511;7440;7304;7195;7048;6934;6764;6579;6337;6332;6339;5945
5575;5225;5130;4979;4992;5304;6119;6792;7232;7394;7551;7747;7492;7427;7306;7219;7095;7010;6846;6671;6442;6328;6301;5876
5593;5235;5134;4954;5002;5332;6274;6847;7263;7375;7533;7713;7448;7227;7081;7012;6903;6886;6762;6502;6279;6310;6121;5768
5447;5105;4964;4774;4664;4810;5181;5646;6050;6255;6508;6569;6346;6151;6062;5979;5882;5778;5652;5532;5429;5509;5575;5197
4897;4545;4454;4243;4155;4110;4309;4657;5033;5372;5561;5761;5531;5325;5184;5130;5155;5279;5430;5452;5397;5483;5588;5352
5121;4823;4700;4595;4628;5062;6009;6785;7226;7450;7657;7856;7611;7535;7421;7328;7110;7019;6820;6556;6299;6314;6332;5921
5619;5276;5166;5016;5029;5368;6272;6866;7317;7522;7735;7947;7668;7568;7492;7371;7209;7081;6873;6708;6379;6508;6438;6028
5698;5330;5197;5023;5076;5415;6250;6871;7352;7528;7741;7976;7702;7587;7415;7346;7240;7115;6921;6650;6449;6353;6313;5843
5626;5301;5187;5021;5083;5441;6211;6803;7236;7399;7653;7841;7598;7534;7425;7336;7188;7041;6836;6708;6505;6570;6423;5960
5673;5297;5160;4985;5065;5376;6242;6772;7187;7355;7583;7744;7453;7276;7178;7060;7076;7008;6846;6569;6384;6148;6022;5637
5496;5165;4983;4764;4693;4765;5149;5623;5993;6164;6295;6399;6189;5996;5834;5855;5771;5717;5602;5490;5424;5463;5538;5147
4903;4563;4384;4215;4130;4142;4325;4645;4985;5281;5476;5592;5424;5244;5102;5053;4997;5104;5217;5227;5285;5452;5604;5230
5019;4737;4618;4490;4579;4998;5923;6556;7002;7198;7384;7535;7358;7330;7197;7111;6954;6870;6717;6487;6280;6352;6177;5811
5546;5195;5051;4921;4965;5312;6162;6774;7177;7261;7486;7674;7435;7382;7301;7173;7047;6945;6891;6621;6399;6458;6432;5968
5626;5272;5097;4935;4987;5331;6142;6774;7149;7332;7556;7728;7527;7476;7400;7264;7127;7037;6945;6660;6471;6545;6516;5935
5632;5270;5124;4971;4982;5330;6173;6864;7174;7412;7626;7830;7577;7508;7381;7255;7241;7010;6898;6650;6487;6522;6441;5910
5720;5370;5211;5032;5085;5442;6246;6991;7240;7429;7617;7759;7526;7257;7090;6976;6850;6867;6723;6551;6310;6293;6254;5853
5578;5154;4959;4726;4666;4777;5155;5669;6084;6291;6488;6604;6245;6137;5924;5838;5839;5772;5697;5650;5585;5597;5615;5241
5001;4634;4463;4262;4182;4196;4378;4721;5037;5319;5543;5720;5538;5346;5291;5234;5192;5306;5419;5456;5449;5544;5594;5212
5038;4721;4606;4489;4575;5068;5960;6592;7009;7240;7460;7602;7411;7331;7209;7146;7007;6882;6741;6531;6276;6391;6167;5797
5593;5225;5046;4921;4958;5331;6149;6793;7086;7282;7495;7672;7364;7318;7227;7123;7020;7004;6887;6683;6460;6479;6378;5851
5613;5236;5092;4959;5000;5372;6172;6826;7083;7279;7506;7666;7373;7340;7218;7150;7017;6954;6936;6695;6508;6499;6380;5971
5671;5269;5108;4966;5006;5379;6156;6761;7046;7214;7434;7589;7345;7298;7232;7145;6991;6929;6760;6579;6379;6366;6336;5920
5599;5221;5112;4961;5020;5403;6073;6740;7045;7171;7377;7542;7210;7057;6884;6764;6678;6776;6684;6410;6220;6062;5964;5659
5382;5043;4881;4689;4595;4717;5038;5546;5883;6172;6359;6482;6227;6071;5962;5872;5817;5707;5630;5502;5582;5425;5428;5001
4777;4454;4378;4181;4108;4139;4274;4605;4886;5216;5490;5697;5434;5293;5197;5110;5067;5133;5223;5247;5337;5434;5463;5038
4852;4581;4500;4367;4453;4890;5711;6463;6831;7040;7181;7303;7105;7134;7066;6969;6838;6761;6614;6377;6305;6242;6128;5644
5397;5037;4881;4706;4753;5144;5848;6598;6942;7115;7251;7401;7150;7148;7080;7035;6940;6865;6732;6441;6310;6172;6006;5489
5186;4861;4733;4547;4628;5039;5714;6358;6797;7002;7105;7210;6948;6875;6781;6703;6638;6551;6411;6181;6149;6034;5933;5486
5141;4790;4686;4513;4567;4963;5682;6370;6769;7018;7219;7420;7155;7138;7028;7014;6937;6956;6856;6652;6424;6038;5870;5373
5025;4677;4541;4376;4459;4859;5612;6170;6589;6831;7033;7124;6916;6748;6579;6449;6395;6438;6352;6085;5945;5715;5679;5235
4861;4493;4331;4141;4106;4252;4587;5040;5489;5837;6038;6183;5924;5699;5548;5458;5372;5378;5308;5258;5314;5132;5117;4752
4510;4173;4063;3922;3839;3893;4014;4319;4649;5040;5383;5623;5384;5253;5089;4986;4964;5095;5179;5213;5366;5202;5232;4850
4700;4376;4294;4219;4268;4642;5430;6244;6757;7020;7233;7437;7210;7075;6908;6759;6605;6588;6625;6448;6293;5963;5782;5278
5011;4657;4546;4403;4462;4876;5596;6287;6674;6815;6988;7219;6987;6901;6774;6628;6470;6396;6285;6107;6132;5892;5861;5364
5070;4708;4617;4456;4501;4885;5606;6331;6724;6912;7091;7215;6963;6887;6738;6597;6438;6426;6287;6133;6075;5878;5809;5333
5046;4755;4621;4463;4493;4864;5525;6233;6630;6814;6953;7131;6888;6802;6637;6530;6470;6455;6341;6276;6208;5931;5840;5371
5085;4787;4672;4505;4539;4886;5559;6196;6599;6736;6924;7085;6799;6656;6481;6377;6290;6307;6222;6029;6027;5805;5710;5258
5028;4689;4539;4306;4269;4426;4716;5195;5647;6002;6269;6453;6209;5980;5878;5814;5738;5698;5665;5592;5583;5301;5296;4877
4629;4305;4211;4015;3934;4019;4071;4377;4733;5088;5448;5689;5408;5197;4988;4916;4835;4882;5031;5171;5385;5277;5271;4850
4631;4347;4259;4114;4155;4495;5144;5803;6204;6376;6584;6768;6562;6496;6317;6258;6135;6234;6142;5995;5949;5685;5545;5149
4894;4545;4426;4219;4123;4204;4299;4600;4849;5214;5520;5709;5448;5235;5024;4914;4926;4967;5058;5128;5397;5319;5354;4914
4698;4449;4371;4202;4266;4811;5593;6215;6691;6851;7032;7234;7065;7001;6870;6791;6651;6592;6468;6290;6345;6107;6000;5468
5256;4919;4789;4616;4655;5077;5737;6318;6775;6982;7160;7378;7157;7044;6956;6882;6737;6575;6432;6277;6379;6173;6175;5620
5378;5069;4957;4767;4831;5248;5985;6513;6921;7157;7340;7513;7186;6951;6732;6688;6578;6583;6432;6205;6208;6002;5985;5546
5238;4931;4724;4523;4466;4657;4927;5400;5843;6178;6232;6332;6085;5892;5833;5795;5721;5664;5598;5493;5644;5452;5416;5040
4792;4426;4268;4097;4005;4088;4193;4557;4924;5271;5492;5688;5450;5279;5133;5132;5187;5409;5502;5563;5613;5339;5320;5023
4812;4493;4439;4340;4448;5000;5880;6530;6918;7129;7380;7534;7282;7242;7104;6986;6878;6805;6660;6491;6586;6264;6144;5632
5327;5051;4888;4773;4777;5235;6059;6577;7018;7231;7443;7622;7305;7239;7094;6988;6961;6986;6855;6706;6624;6256;6200;5725
5445;5123;4990;4787;4848;5287;6088;6735;7095;7219;7425;7617;7346;7298;7133;6969;6768;6728;6589;6421;6584;6269;6203;5724
5459;5131;5011;4856;4930;5404;6108;6684;7070;7244;7465;7682;7409;7374;7237;7175;7082;7162;7157;7003;6790;6481;6319;5806
5511;5183;5097;4955;5007;5402;6208;6822;7275;7410;7559;7673;7364;7143;6938;6850;6882;6873;6749;6578;6653;6282;6116;5640
5348;5038;4888;4681;4619;4801;5151;5539;5976;6174;6366;6519;6259;6089;5884;5842;5737;5641;5618;5657;5801;5465;5441;5044
4784;4428;4292;4095;4015;4113;4216;4519;4866;5223;5535;5818;5561;5414;5235;5200;5159;5252;5291;5472;5697;5398;5443;5154
4938;4675;4576;4470;4555;5114;6009;6699;7143;7314;7509;7667;7355;7237;7124;7028;6952;6879;6903;6960;6853;6452;6198;5704
5458;5154;5035;4909;4954;5427;6213;6978;7167;7355;7557;7717;7455;7349;7132;7067;7027;7081;6951;6798;6846;6487;6253;5762
5411;5082;4966;4847;4945;5440;6256;6993;7408;7537;7723;7797;7581;7467;7346;7321;7330;7234;7124;7112;7079;6577;6393;5865
5562;5240;5126;4996;5075;5505;6328;7106;7453;7592;7743;7893;7628;7523;7376;7244;7088;6986;6917;6931;7075;6587;6447;5928
5535;5204;5075;4902;4950;5386;6159;6851;7190;7306;7482;7607;7283;7117;6905;6782;6632;6648;6592;6599;6671;6183;6057;5589
5376;5044;4879;4651;4602;4813;5131;5544;5935;6233;6392;6484;6236;6040;5870;5732;5666;5627;5564;5712;5864;5504;5440;5029
4814;4474;4357;4169;4057;4125;4337;4659;4966;5272;5611;5821;5560;5429;5202;5080;5097;5200;5362;5656;5834;5505;5495;5149
4994;4702;4664;4575;4666;5263;6277;7021;7317;7460;7582;7757;7525;7480;7384;7291;7168;7074;6931;6886;6955;6474;6259;5744
5520;5213;5064;4914;4978;5479;6396;7114;7452;7551;7708;7719;7449;7414;7242;7155;6991;6898;6764;6737;6842;6310;6266;5803
5525;5153;5018;4812;4844;5339;6267;6827;7149;7281;7463;7660;7411;7341;7252;7178;7107;7043;6910;7042;6940;6475;6363;5849
5540;5246;5106;4933;5009;5480;6376;7055;7301;7380;7614;7752;7537;7461;7388;7470;7388;7298;7168;7233;7194;6616;6331;5892
5637;5303;5129;4995;5079;5612;6569;7204;7436;7495;7604;7708;7400;7210;7186;7033;6932;6889;6760;6815;6632;6256;6119;5677
5471;5080;4947;4724;4648;4855;5202;5687;6086;6346;6528;6614;6338;6090;5944;5903;5792;5717;5630;5813;5911;5530;5484;5070
4799;4481;4332;4133;4035;4128;4293;4641;5023;5338;5578;5757;5505;5351;5192;5086;5006;5141;5336;5718;5869;5460;5509;5148
5010;4711;4656;4523;4601;5240;6346;7013;7161;7290;7458;7689;7437;7373;7274;7238;7176;7092;6989;7142;7030;6524;6238;5732
5458;5149;5045;4851;4940;5514;6539;7222;7399;7489;7414;7635;7442;7402;7285;7350;7217;7127;7025;7208;6906;6488;6225;5761
5525;5179;5048;4890;4963;5502;6567;7255;7518;7582;7735;7880;7636;7655;7536;7426;7266;7196;7126;7340;7157;6612;6355;5851
5574;5232;5112;4964;5017;5520;6554;7070;7355;7377;7565;7699;7500;7474;7367;7302;7235;7154;7104;7312;7087;6485;6345;5892
5579;5233;5118;4955;5009;5537;6546;7153;7425;7569;7732;7842;7572;7429;7300;7182;7142;7192;7224;7305;6879;6382;6229;5748
5485;5095;4938;4709;4634;4852;5301;5763;6180;6502;6684;6828;6513;6303;6144;6102;6062;6053;6040;6204;5988;5537;5534;5143
4820;4506;4380;4185;4114;4141;4377;4732;5070;5372;5634;5869;5566;5345;5151;5092;5084;5162;5408;5944;5868;5423;5437;5121
4915;4681;4579;4463;4584;5199;6493;7295;7585;7641;7822;7947;7700;7655;7537;7473;7383;7342;7427;7552;7064;6579;6262;5787
5418;5117;5064;4942;5032;5551;6691;7225;7508;7596;7749;7872;7574;7557;7502;7402;7235;7277;7311;7495;7026;6487;6301;5824
5456;5167;5056;4910;5012;5548;6639;7166;7378;7426;7507;7656;7366;7287;7183;7082;6970;6904;6910;7203;7009;6347;6218;5771
5472;5182;5054;4872;4959;5500;6547;7042;7238;7279;7441;7584;7330;7275;7150;7117;7100;6872;6902;7175;6944;6513;6312;5823
5552;5199;5100;4926;4968;5500;6591;7073;7259;7363;7466;7583;7314;7143;7186;7069;6953;6930;6928;7203;6815;6296;6074;5665
5424;5091;4934;4727;4665;4880;5286;5712;6115;6378;6532;6622;6336;6084;5979;5858;5767;5738;5708;6094;5954;5567;5511;5089
4837;4492;4374;4143;4064;4159;4395;4745;5086;5399;5608;5754;5456;5316;5169;5101;5085;5230;5512;5989;5873;5436;5509;5162
5006;4761;4687;4595;4704;5310;6500;7055;7323;7360;7446;7610;7427;7397;7269;7171;7143;7072;7194;7432;7020;6488;6260;5786
5539;5213;5098;4942;5007;5523;6607;7245;7430;7553;7661;7757;7478;7503;7437;7329;7260;7220;7317;7371;6959;6420;6238;5752
5463;5139;5021;4891;4957;5524;6607;7214;7424;7507;7574;7714;7461;7441;7345;7253;7201;7188;7290;7371;6916;6456;6199;5733
5466;5157;5045;4956;5025;5559;6663;7288;7437;7462;7507;7664;7400;7338;7253;7170;7078;7104;7178;7463;7103;6479;6289;5734
5519;5178;5065;4896;4985;5507;6531;7213;7454;7390;7491;7512;7281;7100;6968;6915;6863;6858;6983;7186;6717;6304;6112;5666
5448;5130;4935;4698;4637;4829;5326;5759;6157;6396;6509;6644;6321;6146;5973;5925;5790;5819;6027;6299;5952;5583;5534;5096
4733;4398;4260;4039;3986;4104;4387;4731;5109;5310;5532;5731;5446;5302;5063;4961;4959;5181;5620;5983;5792;5380;5388;5053
4854;4601;4523;4397;4538;5217;6521;7343;7574;7581;7681;7839;7595;7495;7449;7351;7280;7341;7525;7616;7116;6498;6180;5711
5456;5219;5062;4900;4977;5490;6730;7482;7699;7665;7778;7933;7606;7624;7641;7587;7457;7460;7577;7734;7225;6588;6203;5765
5574;5224;5112;4944;5000;5526;6731;7509;7669;7700;7815;7859;7585;7486;7423;7362;7258;7310;7536;7526;7089;6461;6233;5760
5371;5080;4999;4835;4944;5489;6665;7233;7455;7556;7667;7788;7505;7430;7335;7213;7122;7141;7374;7570;6951;6517;6274;5796
5444;5194;5070;4899;4995;5518;6729;7408;7542;7519;7575;7624;7321;7146;6959;6840;6792;6873;7130;7366;6851;6300;6136;5686
5447;5153;4976;4716;4688;4908;5358;5791;6163;6355;6509;6650;6334;6179;6099;6024;6043;6204;6411;6464;6100;5652;5526;5165
4895;4561;4479;4265;4212;4313;4529;4817;5129;5436;5682;5855;5504;5337;5124;5013;5005;5202;5782;6213;5917;5527;5557;5190
4987;4803;4685;4557;4725;5352;6582;7292;7479;7438;7526;7614;7391;7380;7220;7170;7022;7066;7421;7613;7113;6534;6303;5806
5534;5270;5121;4961;5071;5634;6801;7361;7528;7505;7602;7595;7365;7342;7222;7209;7149;7140;7466;7494;7102;6595;6327;5790
5540;5270;5119;5001;5124;5661;6844;7453;7755;7706;7755;7857;7590;7484;7397;7298;7211;7278;7634;7568;7279;6700;6451;5924
5644;5369;5209;5061;5143;5716;6852;7474;7560;7453;7521;7591;7324;7269;7152;7072;7075;7167;7525;7568;7184;6688;6421;5933
5632;5376;5244;5074;5178;5715;6886;7548;7578;7577;7660;7718;7412;7326;7221;7092;7018;7186;7561;7451;7055;6472;6330;5852
5579;5229;5086;4854;4798;5046;5524;6045;6351;6524;6719;6837;6540;6344;6173;6068;6024;6125;6480;6587;6172;5764;5708;5300
4998;4672;4530;4331;4295;4439;4593;4935;5266;5574;5806;5988;5669;5511;5243;5107;5120;5447;6130;6399;6073;5724;5770;5425
5189;4930;4859;4737;4865;5519;6790;7487;7639;7608;7582;7685;7415;7371;7330;7288;7253;7351;7739;7731;7275;6743;6495;5994
5679;5423;5301;5178;5309;5899;7011;7619;7640;7583;7630;7697;7401;7368;7344;7256;7344;7453;7752;7729;7346;6856;6625;6177
5855;5604;5490;5371;5467;6000;7154;7777;7809;7733;7818;7859;7565;7523;7380;7470;7407;7527;7897;7823;7419;6904;6760;6216
5911;5642;5484;5349;5473;6037;7182;7898;7946;7930;7992;8038;7741;7732;7634;7567;7490;7600;8038;7961;7483;6929;6763;6242
5882;5565;5425;5282;5383;5966;7103;7867;7961;7916;7945;7968;7678;7569;7410;7326;7276;7498;7863;7687;7240;6682;6605;6144
5822;5463;5246;5019;5023;5286;5689;6264;6546;6746;6910;6955;6589;6419;6262;6160;6139;6311;6757;6757;6336;5890;5851;5488
5150;4829;4698;4507;4481;4598;4709;5100;5394;5737;5989;6128;5784;5570;5365;5229;5239;5577;6320;6435;6123;5727;5831;5536
5280;5044;4934;4814;4955;5674;6845;7733;7851;7804;7851;7909;7654;7617;7514;7460;7339;7487;8020;7854;7395;6786;6609;6085
5714;5432;5259;5141;5245;5850;7005;7793;7958;8013;8145;8245;7978;7975;7927;7860;7835;8015;8225;7932;7425;6854;6668;6111
5745;5418;5234;5140;5287;5910;7080;7832;7844;7774;7814;7872;7587;7520;7455;7384;7236;7319;7847;7717;7180;6694;6512;6035
5639;5306;5144;4880;4828;4883;5002;5337;5576;5879;6137;6240;5939;5707;5450;5359;5388;5732;6485;6537;6223;5852;5940;5504
5211;4900;4787;4652;4748;5317;6264;7062;7248;7254;7283;7367;7164;6994;6840;6685;6630;6902;7441;7288;6861;6292;6241;5810
5503;5149;4953;4739;4744;5012;5404;5992;6336;6577;6707;6792;6526;6321;6129;6049;6004;6286;6682;6518;6139;5700;5741;5311
5034;4729;4572;4366;4380;4510;4793;5229;5604;5895;6129;6288;5898;5748;5526;5459;5788;6380;6460;6325;5994;5667;5791;5456
5212;5000;4925;4849;5067;5751;6855;7422;7681;7703;7802;7922;7665;7648;7583;7513;7562;8146;8116;7729;7264;6762;6660;6134
5779;5494;5377;5268;5381;5976;6967;7564;7801;7730;7832;7935;7710;7743;7668;7630;7808;8331;8180;7806;7332;6766;6669;6155
5694;5315;5163;4927;4898;4966;4963;5281;5565;5920;6234;6421;6132;5932;5694;5643;5887;6396;6495;6373;6195;5856;6101;5668
5424;5195;5132;5012;5176;5771;6738;7476;7657;7733;7883;8053;7772;7724;7710;7661;7874;8361;8239;7843;7596;7071;7037;6537
6291;6038;5917;5735;5841;6347;7101;7800;8002;8062;8138;8245;7900;7709;7770;7770;7899;8340;8213;7806;7379;6944;6987;6549
6343;6010;5875;5675;5584;5773;6032;6544;6943;7177;7309;7430;7133;7024;6842;6808;7101;7482;7325;7030;6628;6260;6175;5830
5587;5300;5159;5009;4943;5028;5016;5387;5764;6195;6498;6701;6372;6228;6051;5988;6301;6763;6826;6755;6449;6104;6352;5957
5657;5441;5331;5219;5390;6093;7118;7922;8096;8074;8179;8287;8100;8108;8045;8078;8248;8637;8461;8072;7521;7067;6995;6495
6160;5900;5779;5663;5781;6323;7210;7763;7834;7809;7842;7906;7625;7571;7490;7493;7920;8395;8298;7937;7436;7018;7040;6518
6243;5946;5769;5660;5801;6419;7347;7895;7981;7912;8001;8053;7862;7716;7730;7806;8172;8621;8532;8169;7612;7138;7107;6564
6189;5860;5722;5545;5679;6307;7321;7984;8156;8194;8245;8319;8213;8215;8226;8251;8465;8613;8453;8166;7753;7147;7107;6605
6225;5924;5786;5614;5774;6381;7322;7875;7990;7892;7941;7962;7748;7642;7587;7500;7831;8267;8150;7818;7413;6971;7095;6639
6217;5923;5755;5566;5547;5722;5952;6422;6785;7090;7170;7240;6960;6861;6725;6779;7125;7348;7157;6937;6587;6149;6354;5938
5588;5275;5060;4857;4821;4946;4980;5287;5640;6107;6403;6587;6284;6109;5991;5984;6318;6763;6817;6740;6481;6175;6442;6085
5786;5582;5480;5377;5537;6135;7250;8012;8096;8051;8210;8344;8102;8159;8149;8204;8424;8564;8330;8128;7635;7082;7048;6585
6199;5856;5719;5585;5680;6277;7278;8032;8267;8225;8309;8405;8160;8139;8072;8024;8314;8511;8352;8020;7585;7010;7053;6513
6073;5712;5560;5446;5602;6217;7126;7862;8069;8012;8031;8081;7828;7782;7686;7678;8004;8393;8316;7977;7512;7007;6972;6394
6028;5744;5609;5469;5577;6199;7169;7874;8022;7995;8078;8139;7870;7863;7812;7824;8081;8405;8247;7936;7442;6903;6904;6408
6059;5757;5621;5467;5630;6219;7182;7860;7972;7903;8005;8115;7845;7717;7614;7591;7925;8253;8100;7699;7171;6672;6764;6321
5963;5638;5418;5228;5254;5476;5779;6325;6709;6912;6975;7148;6913;6719;6594;6595;6876;7155;6993;6683;6295;5917;6116;5704
5367;4979;4855;4654;4626;4753;4781;5119;5475;5829;6080;6295;5926;5736;5649;5682;6104;6510;6576;6480;6212;5934;6197;5804
5531;5296;5164;5083;5242;5935;6995;7875;8050;8065;8128;8258;7995;8084;8040;8016;8298;8522;8341;7947;7464;6908;6923;6380
6030;5736;5614;5518;5650;6263;7170;7831;7940;7976;8005;8094;7829;7807;7833;7865;8165;8434;8285;7878;7456;6966;6957;6436
6131;5815;5705;5611;5726;6339;7231;8130;8252;8291;8373;8457;8227;8206;8187;8232;8522;8691;8463;8132;7662;7184;7206;6668
6288;6000;5888;5766;5858;6437;7330;7989;8150;8112;8101;8144;7892;7838;7842;7867;8312;8584;8348;8068;7636;7079;7084;6588
6184;5897;5748;5640;5744;6279;7208;7939;8043;8011;8105;8136;7846;7718;7654;7728;8081;8350;8204;7800;7269;6819;6904;6502
6119;5760;5565;5293;5321;5534;5808;6333;6708;6988;7011;7103;6844;6701;6503;6495;6989;7223;7045;6750;6404;6049;6211;5757
5501;5136;5024;4807;4783;4882;4887;5226;5563;5941;6202;6390;6086;5912;5718;5738;6197;6577;6622;6556;6346;6026;6237;5855
5533;5248;5132;5073;5259;5957;7011;7862;7979;7974;8010;8125;7940;7983;7973;8059;8365;8448;8276;7876;7512;7050;7043;6483
6093;5780;5662;5538;5670;6277;7257;8067;8055;8031;8168;8340;8069;8016;8025;8091;8483;8543;8442;8088;7640;7088;7118;6629
6256;5936;5786;5639;5790;6391;7358;8067;8207;8128;8246;8328;8096;8070;8033;8081;8386;8619;8461;8088;7680;7191;7193;6633
6218;5906;5798;5660;5782;6384;7300;8040;8155;8182;8243;8343;8126;8115;8073;8098;8428;8622;8443;8021;7730;7210;7189;6658
6265;5934;5790;5634;5793;6368;7349;8139;8246;8163;8238;8263;7939;7800;7711;7711;8179;8394;8201;7941;7440;6970;7048;6614
6288;5974;5753;5533;5527;5720;5989;6531;6914;7200;7266;7324;7121;7001;6870;6940;7307;7520;7333;6985;6695;6320;6504;5993
5716;5351;5198;5001;4958;5062;5023;5359;5697;6095;6404;6595;6389;6187;6026;6029;6518;6851;6903;6830;6555;6174;6409;6039
5778;5500;5427;5309;5445;6186;7272;8204;8309;8274;8333;8425;8196;8265;8299;8294;8643;8792;8676;8288;7786;7267;7240;6656
6281;5997;5841;5732;5836;6442;7397;8242;8377;8293;8343;8436;8146;8166;8079;8191;8559;8805;8609;8221;7800;7315;7311;6745
6347;6007;5849;5687;5831;6434;7406;8311;8364;8307;8374;8448;8249;8218;8199;8256;8605;8708;8532;8234;7783;7296;7276;6740
6311;5982;5817;5673;5797;6415;7355;8230;8325;8281;8345;8426;8153;8176;8104;8100;8454;8648;8422;8064;7589;7083;7067;6569
6200;5866;5711;5486;5398;5475;5464;5828;6145;6523;6746;6799;6615;6416;6255;6256;6762;7109;7027;6787;6562;6254;6458;6032
5657;5333;5144;4947;4987;5298;5578;6088;6496;6735;6935;7109;6932;6972;6891;6995;7341;7567;7388;7069;6707;6353;6541;6081
5716;5336;5159;4961;4946;5036;5014;5397;5783;6232;6520;6752;6498;6275;6095;6122;6587;6942;7029;6972;6709;6383;6658;6310
6046;5771;5697;5574;5709;6397;7483;8392;8571;8516;8515;8559;8357;8340;8342;8440;8891;9089;8939;8610;8088;7602;7566;7028
6662;6381;6226;6100;6199;6767;7691;8573;8580;8554;8588;8637;8435;8414;8431;8504;8845;8998;8847;8477;8033;7516;7523;6991
6648;6379;6245;6110;6227;6818;7759;8629;8679;8550;8581;8574;8368;8367;8310;8343;8723;9037;8868;8553;8128;7579;7559;7024
6695;6360;6219;6068;6174;6717;7629;8518;8570;8491;8516;8559;8299;8282;8252;8359;8824;8952;8786;8468;8064;7510;7550;7070
6742;6429;6261;6089;6188;6751;7702;8581;8573;8554;8580;8595;8382;8257;8190;8220;8586;8772;8567;8200;7794;7336;7475;7004
6691;6376;6142;5909;5831;6056;6216;6826;7259;7563;7625;7682;7486;7337;7268;7353;7734;7950;7678;7444;7097;6650;6847;6415
6058;5687;5492;5278;5242;5364;5328;5717;6118;6585;6969;7157;6882;6682;6497;6506;6952;7169;7266;7194;6939;6574;6850;6465
6213;5924;5844;5698;5863;6572;7601;8468;8613;8563;8614;8693;8638;8631;8630;8712;9038;9087;8943;8584;8148;7587;7680;7167
6835;6499;6403;6278;6378;6938;7845;8835;8943;8900;8979;8980;8720;8763;8738;8801;9144;9265;9104;8715;8227;7718;7860;7362
7005;6721;6521;6350;6439;6984;7876;8754;8863;8803;8816;8865;8634;8689;8663;8719;9028;9222;9066;8684;8288;7763;7784;7303
6958;6643;6466;6355;6402;6967;7765;8631;8762;8723;8755;8788;8549;8446;8377;8414;8808;8952;8807;8503;8071;7519;7706;7185
6831;6519;6356;6173;6263;6742;7504;8314;8451;8264;8183;8097;7824;7677;7630;7707;8130;8401;8262;7994;7543;7097;7312;6882
6457;6075;5904;5636;5600;5842;5880;6453;6829;6993;7049;7144;7006;6945;6884;6912;7374;7655;7489;7253;6892;6485;6704;6204
5837;5446;5259;5018;4964;5069;4993;5423;5830;6250;6454;6604;6362;6190;6044;6070;6463;6620;6386;6096;5948;5827;6295;6026
5681;5316;5117;4878;4828;4950;4935;5330;5764;6241;6468;6593;6194;6016;5920;5868;6234;6481;6574;6505;6371;6029;6374;5975
5649;5321;5165;4941;4928;5054;5022;5413;5768;6213;6498;6604;6259;6039;5886;5871;6340;6693;6771;6707;6545;6195;6521;6168
5867;5585;5434;5246;5318;5716;6166;6957;7317;7537;7605;7638;7402;7250;7171;7185;7662;7994;7931;7592;7281;6812;7076;6636
6324;6044;5849;5630;5630;5996;6359;7107;7476;7670;7757;7872;7729;7643;7522;7462;7922;8211;8124;7788;7403;6949;7133;6702
6291;5941;5707;5505;5557;5920;6262;7007;7356;7556;7603;7740;7538;7414;7265;7248;7652;8008;7948;7619;7228;6806;7017;6609
6262;5935;5735;5498;5475;5654;5702;6285;6725;7071;7217;7278;7079;7036;6957;7006;7404;7649;7551;7264;6896;6497;6755;6319
5922;5540;5360;5107;5036;5121;5074;5464;5876;6274;6524;6664;6400;6176;6007;5980;6461;6904;6882;6555;6236;5976;6455;6286
